dt,market,standard
DT 7.1 - ALIMENTOS INDUSTRIALIZADOS E ADITIVOS/ DT 7.1 - INDUSTRIALIZED FOOD - WITHOUT MEAT AND FOOD ADDTIVES,Mercado Interno / Internal Market (sem conchonilha),"Deixar só a DT
DT 7.1 - ALIMENTOS INDUSTRIALIZADOS E ADITIVOS/ DT 7.1 - INDUSTRIALIZED FOOD - WITHOUT MEAT AND FOOD ADDTIVES"
DT 7.1 - ALIMENTOS INDUSTRIALIZADOS E ADITIVOS/ DT 7.1 - INDUSTRIALIZED FOOD - WITHOUT MEAT AND FOOD ADDTIVES,Arábia Saudita / Saudi Arabia - não pode compartilhar,GSO 2055-1/2015
DT 7.1 - ALIMENTOS INDUSTRIALIZADOS E ADITIVOS/ DT 7.1 - INDUSTRIALIZED FOOD - WITHOUT MEAT AND FOOD ADDTIVES,Emirados Árabes / United Arab Emirates - não pode compartilhar,UAE.S 2055-1/2015
DT 7.1 - ALIMENTOS INDUSTRIALIZADOS E ADITIVOS/ DT 7.1 - INDUSTRIALIZED FOOD - WITHOUT MEAT AND FOOD ADDTIVES,"Demais países do Golfo: Bahrein, Omã, Qatar, Kwuait e Iemên / Gulf countries: Bahrain, Oman, Qatar, Kuwait and Yemen - não pode compartilhar",GSO 2055-1/2015
DT 7.1 - ALIMENTOS INDUSTRIALIZADOS E ADITIVOS/ DT 7.1 - INDUSTRIALIZED FOOD - WITHOUT MEAT AND FOOD ADDTIVES,Indonésia / Indonesia - dedicada,Law Number 33: 2014; KEPKABAN BPJPH - Number 20:2023; SNI 99004:2021; Government Regulation 42 of 2024; KEPKABAN BPJPH - 78: 2023; KEPKABAN Number 748: 2021; KEPKABAN BPJPH - Number 20:2023.
DT 7.1 - ALIMENTOS INDUSTRIALIZADOS E ADITIVOS/ DT 7.1 - INDUSTRIALIZED FOOD - WITHOUT MEAT AND FOOD ADDTIVES,Malásia / Malaysia - dedicada,"MS 1500/2009, MS 1500/2019"
DT 7.1 - ALIMENTOS INDUSTRIALIZADOS E ADITIVOS/ DT 7.1 - INDUSTRIALIZED FOOD - WITHOUT MEAT AND FOOD ADDTIVES,Turquia / Türkiye - linha dedicada (auditoria mais tempo),OIC/SMIIC 01/2019
DT 7.1 - ALIMENTOS INDUSTRIALIZADOS E ADITIVOS/ DT 7.1 - INDUSTRIALIZED FOOD - WITHOUT MEAT AND FOOD ADDTIVES,Singapura / Singapore (velha para ter de referencia),MUIS-HC-S001/2005
DT 7.1 - ALIMENTOS INDUSTRIALIZADOS E ADITIVOS/ DT 7.1 - INDUSTRIALIZED FOOD - WITHOUT MEAT AND FOOD ADDTIVES,Demais países das Américas/ Other Americas countries (sem conchonilha),UAE.S 2055-1/2015
DT 7.1 - ALIMENTOS INDUSTRIALIZADOS E ADITIVOS/ DT 7.1 - INDUSTRIALIZED FOOD - WITHOUT MEAT AND FOOD ADDTIVES,Demais países das Américas/ Other Americas countries (com conchonilha),Law Number 33: 2014; KEPKABAN BPJPH - Number 20:2023; SNI 99004:2021; Government Regulation 42 of 2024; KEPKABAN BPJPH - 78: 2023; KEPKABAN Number 748: 2021; KEPKABAN BPJPH - Number 20:2023.
DT 7.1 - ALIMENTOS INDUSTRIALIZADOS E ADITIVOS/ DT 7.1 - INDUSTRIALIZED FOOD - WITHOUT MEAT AND FOOD ADDTIVES,Demais países da Europa/ Other European countries (sem conchonilha),UAE.S 2055-1/2015
DT 7.1 - ALIMENTOS INDUSTRIALIZADOS E ADITIVOS/ DT 7.1 - INDUSTRIALIZED FOOD - WITHOUT MEAT AND FOOD ADDTIVES,Demais países da Europa/ Other European countries (com conchonilha),Law Number 33: 2014; KEPKABAN BPJPH - Number 20:2023; SNI 99004:2021; Government Regulation 42 of 2024; KEPKABAN BPJPH - 78: 2023; KEPKABAN Number 748: 2021; KEPKABAN BPJPH - Number 20:2023.
DT 7.1 - ALIMENTOS INDUSTRIALIZADOS E ADITIVOS/ DT 7.1 - INDUSTRIALIZED FOOD - WITHOUT MEAT AND FOOD ADDTIVES,Demais países da África/ Other Africa countries (sem conchonilha),UAE.S 2055-1/2015
DT 7.1 - ALIMENTOS INDUSTRIALIZADOS E ADITIVOS/ DT 7.1 - INDUSTRIALIZED FOOD - WITHOUT MEAT AND FOOD ADDTIVES,Demais países da África/ Other Africa countries (com conchonilha),Law Number 33: 2014; KEPKABAN BPJPH - Number 20:2023; SNI 99004:2021; Government Regulation 42 of 2024; KEPKABAN BPJPH - 78: 2023; KEPKABAN Number 748: 2021; KEPKABAN BPJPH - Number 20:2023.
DT 7.1 - ALIMENTOS INDUSTRIALIZADOS E ADITIVOS/ DT 7.1 - INDUSTRIALIZED FOOD - WITHOUT MEAT AND FOOD ADDTIVES,Demais países da Ásia/ Other Asia countries (sem conchonilha),UAE.S 2055-1/2015
DT 7.1 - ALIMENTOS INDUSTRIALIZADOS E ADITIVOS/ DT 7.1 - INDUSTRIALIZED FOOD - WITHOUT MEAT AND FOOD ADDTIVES,Demais países da Ásia/ Other Asia countries (com conchonilha),Law Number 33 of 2014; KEPKABAN BPJPH - Number 20:2023; SNI 99004:2021; Government Regulation 42 of 2024; KEPKABAN BPJPH - 78: 2023; KEPKABAN Number 748 of 2021; KEPKABAN BPJPH - Number 20:2023.
DT 7.1 - ALIMENTOS INDUSTRIALIZADOS E ADITIVOS/ DT 7.1 - INDUSTRIALIZED FOOD - WITHOUT MEAT AND FOOD ADDTIVES,Demais países da Oceania/ Other Oceania countries (sem conchonilha),UAE.S 2055-1/2015
DT 7.1 - ALIMENTOS INDUSTRIALIZADOS E ADITIVOS/ DT 7.1 - INDUSTRIALIZED FOOD - WITHOUT MEAT AND FOOD ADDTIVES,Demais países da Oceania/ Other Oceania countries (com conchonilha),Law Number 33: 2014; KEPKABAN BPJPH - Number 20:2023; SNI 99004:2021; Government Regulation 42 of 2024; KEPKABAN BPJPH - 78: 2023; KEPKABAN Number 748: 2021; KEPKABAN BPJPH - Number 20:2023.
DT 7.2.1 - FRIGORÍFICO AVES/ DT 7.2.1 - POULTRY SLAUGHTERHOUSE,Mercado Interno / Internal Market,"UAE.S 2055-1/2015, UAE.S 993/2022"
DT 7.2.1 - FRIGORÍFICO AVES/ DT 7.2.1 - POULTRY SLAUGHTERHOUSE,Arábia Saudita / Saudi Arabia,"GSO 2055-1/2015, GSO 993/2015"
DT 7.2.1 - FRIGORÍFICO AVES/ DT 7.2.1 - POULTRY SLAUGHTERHOUSE,Emirados Árabes / United Arab Emirates,"UAE.S 2055-1/2015, UAE.S 993/2022"
DT 7.2.1 - FRIGORÍFICO AVES/ DT 7.2.1 - POULTRY SLAUGHTERHOUSE,"Demais países do Golfo: Bahrein, Omã, Qatar, Kwuait e Iemên / Gulf countries: Bahrain, Oman, Qatar, Kuwait and Yemen","GSO 2055-1/2015, GSO 993/2015"
DT 7.2.1 - FRIGORÍFICO AVES/ DT 7.2.1 - POULTRY SLAUGHTERHOUSE,Indonésia / Indonesia,Law 33 of 2014 – Halal Product Assurance; KEPKABAN BPJPH - Number 20:2023; Government Regulation 42: 2024; KEPKABAN BPJPH - 78: 2023; Number 748: 2021; KEPKABAN BPJPH - Number 20:2023; SNI 77: 2023; SNI 99004:2021; SNI 99002:2016.
DT 7.2.1 - FRIGORÍFICO AVES/ DT 7.2.1 - POULTRY SLAUGHTERHOUSE,Malásia / Malaysia,"MS 1500/2009, MS 1500/2019"
DT 7.2.1 - FRIGORÍFICO AVES/ DT 7.2.1 - POULTRY SLAUGHTERHOUSE,Turquia / Türkiye,OIC/SMIIC 01/2019
DT 7.2.1 - FRIGORÍFICO AVES/ DT 7.2.1 - POULTRY SLAUGHTERHOUSE,Singapura / Singapore,MUIS-HC-S001/2005
DT 7.2.1 - FRIGORÍFICO AVES/ DT 7.2.1 - POULTRY SLAUGHTERHOUSE,Demais países das Américas/ Other Americas countries,"UAE.S 2055-1/2015, UAE.S 993/2022"
DT 7.2.1 - FRIGORÍFICO AVES/ DT 7.2.1 - POULTRY SLAUGHTERHOUSE,Demais países da Europa/ Other European countries,"UAE.S 2055-1/2015, UAE.S 993/2022"
DT 7.2.1 - FRIGORÍFICO AVES/ DT 7.2.1 - POULTRY SLAUGHTERHOUSE,Demais países da África/ Other Africa countries,"UAE.S 2055-1/2015, UAE.S 993/2022"
DT 7.2.1 - FRIGORÍFICO AVES/ DT 7.2.1 - POULTRY SLAUGHTERHOUSE,Demais países da Ásia/ Other Asia countries,"UAE.S 2055-1/2015, UAE.S 993/2022"
DT 7.2.1 - FRIGORÍFICO AVES/ DT 7.2.1 - POULTRY SLAUGHTERHOUSE,Demais países da Oceania/ Other Oceania countries,"UAE.S 2055-1/2015, UAE.S 993/2022"
DT 7.2.2 - FRIGORÍFICO BOVINOS/ DT 7.2.2 - BOVINE SLAUGHTERHOUSE,Mercado Interno / Internal Market,"UAE.S 2055-1/2015, UAE.S 993/2022"
DT 7.2.2 - FRIGORÍFICO BOVINOS/ DT 7.2.2 - BOVINE SLAUGHTERHOUSE,Arábia Saudita / Saudi Arabia,"GSO 2055-1/2015, GSO 993/2015"
DT 7.2.2 - FRIGORÍFICO BOVINOS/ DT 7.2.2 - BOVINE SLAUGHTERHOUSE,Emirados Árabes / United Arab Emirates,"UAE.S 2055-1/2015, UAE.S 993/2022"
DT 7.2.2 - FRIGORÍFICO BOVINOS/ DT 7.2.2 - BOVINE SLAUGHTERHOUSE,"Demais países do Golfo: Bahrein, Omã, Qatar, Kwuait e Iemên / Gulf countries: Bahrain, Oman, Qatar, Kuwait and Yemen","GSO 2055-1/2015, GSO 993/2015"
DT 7.2.2 - FRIGORÍFICO BOVINOS/ DT 7.2.2 - BOVINE SLAUGHTERHOUSE,Indonésia / Indonesia,Law 33 of 2014 – Halal Product Assurance; KEPKABAN BPJPH - Number 20:2023; Government Regulation 42: 2024; KEPKABAN BPJPH - 78: 2023; Number 748: 2021; KEPKABAN BPJPH - Number 20:2023; SNI 77: 2023; SNI 99004:2021; SNI 99003:2018.
DT 7.2.2 - FRIGORÍFICO BOVINOS/ DT 7.2.2 - BOVINE SLAUGHTERHOUSE,Malásia / Malaysia,"MS 1500/2009, MS 1500/2019"
DT 7.2.2 - FRIGORÍFICO BOVINOS/ DT 7.2.2 - BOVINE SLAUGHTERHOUSE,Turquia / Türkiye,OIC/SMIIC 01/2019
DT 7.2.2 - FRIGORÍFICO BOVINOS/ DT 7.2.2 - BOVINE SLAUGHTERHOUSE,Singapura / Singapore,MUIS-HC-S001/2005
DT 7.2.2 - FRIGORÍFICO BOVINOS/ DT 7.2.2 - BOVINE SLAUGHTERHOUSE,Demais países das Américas/ Other Americas countries,"UAE.S 2055-1/2015, UAE.S 993/2022"
DT 7.2.2 - FRIGORÍFICO BOVINOS/ DT 7.2.2 - BOVINE SLAUGHTERHOUSE,Demais países da Europa/ Other European countries,"UAE.S 2055-1/2015, UAE.S 993/2022"
DT 7.2.2 - FRIGORÍFICO BOVINOS/ DT 7.2.2 - BOVINE SLAUGHTERHOUSE,Demais países da África/ Other Africa countries,"UAE.S 2055-1/2015, UAE.S 993/2022"
DT 7.2.2 - FRIGORÍFICO BOVINOS/ DT 7.2.2 - BOVINE SLAUGHTERHOUSE,Demais países da Ásia/ Other Asia countries,"UAE.S 2055-1/2015, UAE.S 993/2022"
DT 7.2.2 - FRIGORÍFICO BOVINOS/ DT 7.2.2 - BOVINE SLAUGHTERHOUSE,Demais países da Oceania/ Other Oceania countries,"UAE.S 2055-1/2015, UAE.S 993/2022"
DT 7.4 - QUÍMICOS EM GERAL E AGENTES DE LIMPEZA/ DT 7.4 - CHEMICALS IN GENERAL AND CLEANING AGENTS,Mercado Interno / Internal Market,"Deixar só a DT
DT 7.4 - QUÍMICOS EM GERAL E AGENTES DE LIMPEZA/ DT 7.4 - CHEMICALS IN GENERAL AND CLEANING AGENTS"
DT 7.4 - QUÍMICOS EM GERAL E AGENTES DE LIMPEZA/ DT 7.4 - CHEMICALS IN GENERAL AND CLEANING AGENTS,Arábia Saudita / Saudi Arabia,GSO 2055-1/2015
DT 7.4 - QUÍMICOS EM GERAL E AGENTES DE LIMPEZA/ DT 7.4 - CHEMICALS IN GENERAL AND CLEANING AGENTS,Emirados Árabes / United Arab Emirates,UAE.S 2055-1/2015
DT 7.4 - QUÍMICOS EM GERAL E AGENTES DE LIMPEZA/ DT 7.4 - CHEMICALS IN GENERAL AND CLEANING AGENTS,"Demais países do Golfo: Bahrein, Omã, Qatar, Kwuait e Iemên / Gulf countries: Bahrain, Oman, Qatar, Kuwait and Yemen",GSO 2055-1/2015
DT 7.4 - QUÍMICOS EM GERAL E AGENTES DE LIMPEZA/ DT 7.4 - CHEMICALS IN GENERAL AND CLEANING AGENTS,Indonésia / Indonesia,Law Number 33: 2014; KEPKABAN BPJPH - Number 20:2023; SNI 99004:2021; Government Regulation 42 of 2024; KEPKABAN BPJPH - 78: 2023; KEPKABAN Number 748: 2021; KEPKABAN BPJPH - Number 20:2023; PEPRES BPJPH - Number 6 of 2023;
DT 7.4 - QUÍMICOS EM GERAL E AGENTES DE LIMPEZA/ DT 7.4 - CHEMICALS IN GENERAL AND CLEANING AGENTS,Malásia / Malaysia,"MS 1500/2009, MS 1500/2019"
DT 7.4 - QUÍMICOS EM GERAL E AGENTES DE LIMPEZA/ DT 7.4 - CHEMICALS IN GENERAL AND CLEANING AGENTS,Turquia / Türkiye,OIC/SMIIC 01/2019
DT 7.4 - QUÍMICOS EM GERAL E AGENTES DE LIMPEZA/ DT 7.4 - CHEMICALS IN GENERAL AND CLEANING AGENTS,Singapura / Singapore,MUIS-HC-S001/2005
DT 7.4 - QUÍMICOS EM GERAL E AGENTES DE LIMPEZA/ DT 7.4 - CHEMICALS IN GENERAL AND CLEANING AGENTS,Demais países das Américas/ Other Americas countries,UAE.S 2055-1/2015
DT 7.4 - QUÍMICOS EM GERAL E AGENTES DE LIMPEZA/ DT 7.4 - CHEMICALS IN GENERAL AND CLEANING AGENTS,Demais países da Europa/ Other European countries,UAE.S 2055-1/2015
DT 7.4 - QUÍMICOS EM GERAL E AGENTES DE LIMPEZA/ DT 7.4 - CHEMICALS IN GENERAL AND CLEANING AGENTS,Demais países da África/ Other Africa countries,UAE.S 2055-1/2015
DT 7.4 - QUÍMICOS EM GERAL E AGENTES DE LIMPEZA/ DT 7.4 - CHEMICALS IN GENERAL AND CLEANING AGENTS,Demais países da Ásia/ Other Asia countries,UAE.S 2055-1/2015
DT 7.4 - QUÍMICOS EM GERAL E AGENTES DE LIMPEZA/ DT 7.4 - CHEMICALS IN GENERAL AND CLEANING AGENTS,Demais países da Oceania/ Other Oceania countries,UAE.S 2055-1/2015
DT 7.5 - FÁRMACOS E MEDICAMENTOS / DT 7.5 - DRUGS AND MEDICATIONS,Mercado Interno / Internal Market,"Só deixar a DT
DT 7.5 - FÁRMACOS E MEDICAMENTOS / DT 7.5 - DRUGS AND MEDICATIONS"
DT 7.5 - FÁRMACOS E MEDICAMENTOS / DT 7.5 - DRUGS AND MEDICATIONS,Arábia Saudita / Saudi Arabia,GSO 2055-1/2015
DT 7.5 - FÁRMACOS E MEDICAMENTOS / DT 7.5 - DRUGS AND MEDICATIONS,Emirados Árabes / United Arab Emirates,UAE.S 2055-1/2015
DT 7.5 - FÁRMACOS E MEDICAMENTOS / DT 7.5 - DRUGS AND MEDICATIONS,"Demais países do Golfo: Bahrein, Omã, Qatar, Kwuait e Iemên / Gulf countries: Bahrain, Oman, Qatar, Kuwait and Yemen",GSO 2055-1/2015
DT 7.5 - FÁRMACOS E MEDICAMENTOS / DT 7.5 - DRUGS AND MEDICATIONS,Indonésia / Indonesia,Law Number 33: 2014; KEPKABAN BPJPH - Number 20:2023; SNI 99004:2021; Government Regulation 42 of 2024; KEPKABAN BPJPH - 78: 2023; KEPKABAN Number 748: 2021; KEPKABAN BPJPH - Number 20:2023; PEPRES BPJPH - Number 6 of 2023;
DT 7.5 - FÁRMACOS E MEDICAMENTOS / DT 7.5 - DRUGS AND MEDICATIONS,Malásia / Malaysia,"MS 1500/2009, MS 1500/2019, MS 2424/2012"
DT 7.5 - FÁRMACOS E MEDICAMENTOS / DT 7.5 - DRUGS AND MEDICATIONS,Turquia / Türkiye,OIC/SMIIC 01/2019
DT 7.5 - FÁRMACOS E MEDICAMENTOS / DT 7.5 - DRUGS AND MEDICATIONS,Singapura / Singapore,MUIS-HC-S001/2005
DT 7.5 - FÁRMACOS E MEDICAMENTOS / DT 7.5 - DRUGS AND MEDICATIONS,Demais países das Américas/ Other Americas countries,UAE.S 2055-1/2015
DT 7.5 - FÁRMACOS E MEDICAMENTOS / DT 7.5 - DRUGS AND MEDICATIONS,Demais países da Europa/ Other European countries,UAE.S 2055-1/2015
DT 7.5 - FÁRMACOS E MEDICAMENTOS / DT 7.5 - DRUGS AND MEDICATIONS,Demais países da África/ Other Africa countries,UAE.S 2055-1/2015
DT 7.5 - FÁRMACOS E MEDICAMENTOS / DT 7.5 - DRUGS AND MEDICATIONS,Demais países da Ásia/ Other Asia countries,UAE.S 2055-1/2015
DT 7.5 - FÁRMACOS E MEDICAMENTOS / DT 7.5 - DRUGS AND MEDICATIONS,Demais países da Oceania/ Other Oceania countries,UAE.S 2055-1/2015
DT 7.6 - COSMÉTICOS E PRODUTOS PARA CUIDADOS PESSOAIS / DT 7.6 - COSMETICS AND PERSONAL CARE PRODUCTS,Mercado Interno / Internal Market,"Só deixar a DT
DT 7.6 - COSMÉTICOS E PRODUTOS PARA CUIDADOS PESSOAIS / DT 7.6 - COSMETICS AND PERSONAL CARE PRODUCTS"
DT 7.6 - COSMÉTICOS E PRODUTOS PARA CUIDADOS PESSOAIS / DT 7.6 - COSMETICS AND PERSONAL CARE PRODUCTS,Arábia Saudita / Saudi Arabia,GSO 2055-4/2021
DT 7.6 - COSMÉTICOS E PRODUTOS PARA CUIDADOS PESSOAIS / DT 7.6 - COSMETICS AND PERSONAL CARE PRODUCTS,Emirados Árabes / United Arab Emirates,UAE.S 2055-4/2021
DT 7.6 - COSMÉTICOS E PRODUTOS PARA CUIDADOS PESSOAIS / DT 7.6 - COSMETICS AND PERSONAL CARE PRODUCTS,"Demais países do Golfo: Bahrein, Omã, Qatar, Kwuait e Iemên / Gulf countries: Bahrain, Oman, Qatar, Kuwait and Yemen",GSO 2055-4/2021
DT 7.6 - COSMÉTICOS E PRODUTOS PARA CUIDADOS PESSOAIS / DT 7.6 - COSMETICS AND PERSONAL CARE PRODUCTS,Malásia / Malaysia,"MS 2634/2019, MS 2200-1/2008"
DT 7.6 - COSMÉTICOS E PRODUTOS PARA CUIDADOS PESSOAIS / DT 7.6 - COSMETICS AND PERSONAL CARE PRODUCTS,Turquia / Türkiye,OIC/SMIIC 04/2018
DT 7.6 - COSMÉTICOS E PRODUTOS PARA CUIDADOS PESSOAIS / DT 7.6 - COSMETICS AND PERSONAL CARE PRODUCTS,Singapura / Singapore,MUIS-HC-S001/2005
DT 7.6 - COSMÉTICOS E PRODUTOS PARA CUIDADOS PESSOAIS / DT 7.6 - COSMETICS AND PERSONAL CARE PRODUCTS,Demais países das Américas/ Other Americas countries,UAE.S 2055-4/2021
DT 7.6 - COSMÉTICOS E PRODUTOS PARA CUIDADOS PESSOAIS / DT 7.6 - COSMETICS AND PERSONAL CARE PRODUCTS,Demais países da Europa/ Other European countries,UAE.S 2055-4/2021
DT 7.6 - COSMÉTICOS E PRODUTOS PARA CUIDADOS PESSOAIS / DT 7.6 - COSMETICS AND PERSONAL CARE PRODUCTS,Demais países da África/ Other Africa countries,UAE.S 2055-4/2021
DT 7.6 - COSMÉTICOS E PRODUTOS PARA CUIDADOS PESSOAIS / DT 7.6 - COSMETICS AND PERSONAL CARE PRODUCTS,Demais países da Ásia/ Other Asia countries,UAE.S 2055-4/2021
DT 7.6 - COSMÉTICOS E PRODUTOS PARA CUIDADOS PESSOAIS / DT 7.6 - COSMETICS AND PERSONAL CARE PRODUCTS,Demais países da Oceania/ Other Oceania countries,UAE.S 2055-4/2021
DT 7.7.1 - FAZENDAS DE CRIAÇÃO DE ANIMAIS/ DT 7.7.1 - ANIMAL FARMS,Mercado Interno / Internal Market,"Deixar só a DT 
DT 7.7.1 - FAZENDAS DE CRIAÇÃO DE ANIMAIS/ DT 7.7.1 - ANIMAL FARMS"
DT 7.7.1 - FAZENDAS DE CRIAÇÃO DE ANIMAIS/ DT 7.7.1 - ANIMAL FARMS,Arábia Saudita / Saudi Arabia,"GSO 2055-1/2015, GSO 2215/2012"
DT 7.7.1 - FAZENDAS DE CRIAÇÃO DE ANIMAIS/ DT 7.7.1 - ANIMAL FARMS,Emirados Árabes / United Arab Emirates,"UAE.S 2055-1/2015, GSO 2215/2012"
DT 7.7.1 - FAZENDAS DE CRIAÇÃO DE ANIMAIS/ DT 7.7.1 - ANIMAL FARMS,"Demais países do Golfo: Bahrein, Omã, Qatar, Kwuait e Iemên / Gulf countries: Bahrain, Oman, Qatar, Kuwait and Yemen","GSO 2055-1/2015, GSO 2215/2012"
DT 7.7.1 - FAZENDAS DE CRIAÇÃO DE ANIMAIS/ DT 7.7.1 - ANIMAL FARMS,Indonésia / Indonesia,"KEPKABAN BPJPH - Number 20 2023, KEPKABAN BPJPH - Number 78 2023, KMA BPJPH Number 748 2021"
DT 7.7.1 - FAZENDAS DE CRIAÇÃO DE ANIMAIS/ DT 7.7.1 - ANIMAL FARMS,Malásia / Malaysia,"MS 1500/2009, MS 1500/2019"
DT 7.7.1 - FAZENDAS DE CRIAÇÃO DE ANIMAIS/ DT 7.7.1 - ANIMAL FARMS,Turquia / Türkiye,OIC/SMIIC 01/2019
DT 7.7.1 - FAZENDAS DE CRIAÇÃO DE ANIMAIS/ DT 7.7.1 - ANIMAL FARMS,Singapura / Singapore,MUIS-HC-S001/2005
DT 7.7.1 - FAZENDAS DE CRIAÇÃO DE ANIMAIS/ DT 7.7.1 - ANIMAL FARMS,Demais países das Américas/ Other Americas countries,"GSO 2055-1/2015, GSO 2215/2012"
DT 7.7.1 - FAZENDAS DE CRIAÇÃO DE ANIMAIS/ DT 7.7.1 - ANIMAL FARMS,Demais países da Europa/ Other European countries,"GSO 2055-1/2015, GSO 2215/2012"
DT 7.7.1 - FAZENDAS DE CRIAÇÃO DE ANIMAIS/ DT 7.7.1 - ANIMAL FARMS,Demais países da África/ Other Africa countries,"GSO 2055-1/2015, GSO 2215/2012"
DT 7.7.1 - FAZENDAS DE CRIAÇÃO DE ANIMAIS/ DT 7.7.1 - ANIMAL FARMS,Demais países da Ásia/ Other Asia countries,"GSO 2055-1/2015, GSO 2215/2012"
DT 7.7.1 - FAZENDAS DE CRIAÇÃO DE ANIMAIS/ DT 7.7.1 - ANIMAL FARMS,Demais países da Oceania/ Other Oceania countries,"GSO 2055-1/2015, GSO 2215/2012"
DT 7.7.2 - FAZENDAS DE ATIVIDADES AGRÍCOLAS/ DT 7.7.2 - AGRICULTURAL FARMS,Mercado Interno / Internal Market,"Deixar só a DT 
DT 7.7.2 - FAZENDAS DE ATIVIDADES AGRÍCOLAS/ DT 7.7.2 - AGRICULTURAL FARMS"
DT 7.7.2 - FAZENDAS DE ATIVIDADES AGRÍCOLAS/ DT 7.7.2 - AGRICULTURAL FARMS,Arábia Saudita / Saudi Arabia,"GSO 2055-1/2015, GSO 2215/2012"
DT 7.7.2 - FAZENDAS DE ATIVIDADES AGRÍCOLAS/ DT 7.7.2 - AGRICULTURAL FARMS,Emirados Árabes / United Arab Emirates,UAE.S 2055-1/2015
DT 7.7.2 - FAZENDAS DE ATIVIDADES AGRÍCOLAS/ DT 7.7.2 - AGRICULTURAL FARMS,"Demais países do Golfo: Bahrein, Omã, Qatar, Kwuait e Iemên / Gulf countries: Bahrain, Oman, Qatar, Kuwait and Yemen","GSO 2055-1/2015, GSO 2215/2012"
DT 7.7.2 - FAZENDAS DE ATIVIDADES AGRÍCOLAS/ DT 7.7.2 - AGRICULTURAL FARMS,Indonésia / Indonesia,"KEPKABAN BPJPH - Number 20 2023, KEPKABAN BPJPH - Number 78 2023, KMA BPJPH Number 748 2021"
DT 7.7.2 - FAZENDAS DE ATIVIDADES AGRÍCOLAS/ DT 7.7.2 - AGRICULTURAL FARMS,Malásia / Malaysia,"MS 1500/2009, MS 1500/2019"
DT 7.7.2 - FAZENDAS DE ATIVIDADES AGRÍCOLAS/ DT 7.7.2 - AGRICULTURAL FARMS,Turquia / Türkiye,OIC/SMIIC 01/2019
DT 7.7.2 - FAZENDAS DE ATIVIDADES AGRÍCOLAS/ DT 7.7.2 - AGRICULTURAL FARMS,Singapura / Singapore,MUIS-HC-S001/2005
DT 7.7.2 - FAZENDAS DE ATIVIDADES AGRÍCOLAS/ DT 7.7.2 - AGRICULTURAL FARMS,Demais países das Américas/ Other Americas countries,"GSO 2055-1/2015, GSO 2215/2012"
DT 7.7.2 - FAZENDAS DE ATIVIDADES AGRÍCOLAS/ DT 7.7.2 - AGRICULTURAL FARMS,Demais países da Europa/ Other European countries,"GSO 2055-1/2015, GSO 2215/2012"
DT 7.7.2 - FAZENDAS DE ATIVIDADES AGRÍCOLAS/ DT 7.7.2 - AGRICULTURAL FARMS,Demais países da África/ Other Africa countries,"GSO 2055-1/2015, GSO 2215/2012"
DT 7.7.2 - FAZENDAS DE ATIVIDADES AGRÍCOLAS/ DT 7.7.2 - AGRICULTURAL FARMS,Demais países da Ásia/ Other Asia countries,"GSO 2055-1/2015, GSO 2215/2012"
DT 7.7.2 - FAZENDAS DE ATIVIDADES AGRÍCOLAS/ DT 7.7.2 - AGRICULTURAL FARMS,Demais países da Oceania/ Other Oceania countries,"GSO 2055-1/2015, GSO 2215/2012"
"DT 7.8 - ARMAZÉNS/ ENTREPOSTOS, TRANSPORTE E DISTRIBUIÇÃO/ DT 7.8 - WAREHOUSE, TRANSPORTATION AND DISTRIBUTION",Mercado Interno / Internal Market,"Deixar só a DT 
DT 7.8 - ARMAZÉNS/ ENTREPOSTOS, TRANSPORTE E DISTRIBUIÇÃO/ DT 7.8 - WAREHOUSE, TRANSPORTATION AND DISTRIBUTION"
"DT 7.8 - ARMAZÉNS/ ENTREPOSTOS, TRANSPORTE E DISTRIBUIÇÃO/ DT 7.8 - WAREHOUSE, TRANSPORTATION AND DISTRIBUTION",Arábia Saudita / Saudi Arabia,"GSO 2055-1/2015, GSO 2468/2021, GSO 2469/2021, GSO 2470/2021"
"DT 7.8 - ARMAZÉNS/ ENTREPOSTOS, TRANSPORTE E DISTRIBUIÇÃO/ DT 7.8 - WAREHOUSE, TRANSPORTATION AND DISTRIBUTION",Emirados Árabes / United Arab Emirates,UAE.S 2055-1/2015
"DT 7.8 - ARMAZÉNS/ ENTREPOSTOS, TRANSPORTE E DISTRIBUIÇÃO/ DT 7.8 - WAREHOUSE, TRANSPORTATION AND DISTRIBUTION","Demais países do Golfo: Bahrein, Omã, Qatar, Kwuait e Iemên / Gulf countries: Bahrain, Oman, Qatar, Kuwait and Yemen","GSO 2055-1/2015, GSO 2468/2021, GSO 2469/2021, GSO 2470/2021"
"DT 7.8 - ARMAZÉNS/ ENTREPOSTOS, TRANSPORTE E DISTRIBUIÇÃO/ DT 7.8 - WAREHOUSE, TRANSPORTATION AND DISTRIBUTION",Malásia / Malaysia,"MS 1500/2009, MS 1500/2019, MS 2400-1/2018, MS 2400-2/2018, MS 2400-3/2018"
"DT 7.8 - ARMAZÉNS/ ENTREPOSTOS, TRANSPORTE E DISTRIBUIÇÃO/ DT 7.8 - WAREHOUSE, TRANSPORTATION AND DISTRIBUTION",Turquia / Türkiye,OIC/SMIIC 01/2019
"DT 7.8 - ARMAZÉNS/ ENTREPOSTOS, TRANSPORTE E DISTRIBUIÇÃO/ DT 7.8 - WAREHOUSE, TRANSPORTATION AND DISTRIBUTION",Singapura / Singapore,MUIS-HC-S001/2005
"DT 7.8 - ARMAZÉNS/ ENTREPOSTOS, TRANSPORTE E DISTRIBUIÇÃO/ DT 7.8 - WAREHOUSE, TRANSPORTATION AND DISTRIBUTION",Demais países das Américas/ Other Americas countries,UAE.S 2055-1/2015
"DT 7.8 - ARMAZÉNS/ ENTREPOSTOS, TRANSPORTE E DISTRIBUIÇÃO/ DT 7.8 - WAREHOUSE, TRANSPORTATION AND DISTRIBUTION",Demais países da Europa/ Other European countries,UAE.S 2055-1/2015
"DT 7.8 - ARMAZÉNS/ ENTREPOSTOS, TRANSPORTE E DISTRIBUIÇÃO/ DT 7.8 - WAREHOUSE, TRANSPORTATION AND DISTRIBUTION",Demais países da África/ Other Africa countries,UAE.S 2055-1/2015
"DT 7.8 - ARMAZÉNS/ ENTREPOSTOS, TRANSPORTE E DISTRIBUIÇÃO/ DT 7.8 - WAREHOUSE, TRANSPORTATION AND DISTRIBUTION",Demais países da Ásia/ Other Asia countries,UAE.S 2055-1/2015
"DT 7.8 - ARMAZÉNS/ ENTREPOSTOS, TRANSPORTE E DISTRIBUIÇÃO/ DT 7.8 - WAREHOUSE, TRANSPORTATION AND DISTRIBUTION",Demais países da Oceania/ Other Oceania countries,UAE.S 2055-1/2015
DT 7.9 - ALIMENTOS PARA ANIMAIS E RAÇÃO ANIMAL/ DT 7.9 - ANIMAL FOOD AND FEED,Mercado Interno / Internal Market,"Deixar só a DT 
DT 7.9 - ALIMENTOS PARA ANIMAIS E RAÇÃO ANIMAL/ DT 7.9 - ANIMAL FOOD AND FEED"
DT 7.9 - ALIMENTOS PARA ANIMAIS E RAÇÃO ANIMAL/ DT 7.9 - ANIMAL FOOD AND FEED,Arábia Saudita / Saudi Arabia,"GSO 2055-1/2015, GSO 2578/2021"
DT 7.9 - ALIMENTOS PARA ANIMAIS E RAÇÃO ANIMAL/ DT 7.9 - ANIMAL FOOD AND FEED,Emirados Árabes / United Arab Emirates,UAE.S 2055-1/2015
DT 7.9 - ALIMENTOS PARA ANIMAIS E RAÇÃO ANIMAL/ DT 7.9 - ANIMAL FOOD AND FEED,"Demais países do Golfo: Bahrein, Omã, Qatar, Kwuait e Iemên / Gulf countries: Bahrain, Oman, Qatar, Kuwait and Yemen","GSO 2055-1/2015, GSO 2578/2021"
DT 7.9 - ALIMENTOS PARA ANIMAIS E RAÇÃO ANIMAL/ DT 7.9 - ANIMAL FOOD AND FEED,Malásia / Malaysia,"MS 1500/2009, MS 1500/2019"
DT 7.9 - ALIMENTOS PARA ANIMAIS E RAÇÃO ANIMAL/ DT 7.9 - ANIMAL FOOD AND FEED,Turquia / Türkiye,OIC/SMIIC 01/2019
DT 7.9 - ALIMENTOS PARA ANIMAIS E RAÇÃO ANIMAL/ DT 7.9 - ANIMAL FOOD AND FEED,Singapura / Singapore,MUIS-HC-S001/2005
DT 7.9 - ALIMENTOS PARA ANIMAIS E RAÇÃO ANIMAL/ DT 7.9 - ANIMAL FOOD AND FEED,Demais países das Américas/ Other Americas countries,UAE.S 2055-1/2015
DT 7.9 - ALIMENTOS PARA ANIMAIS E RAÇÃO ANIMAL/ DT 7.9 - ANIMAL FOOD AND FEED,Demais países da Europa/ Other European countries,UAE.S 2055-1/2015
DT 7.9 - ALIMENTOS PARA ANIMAIS E RAÇÃO ANIMAL/ DT 7.9 - ANIMAL FOOD AND FEED,Demais países da África/ Other Africa countries,UAE.S 2055-1/2015
DT 7.9 - ALIMENTOS PARA ANIMAIS E RAÇÃO ANIMAL/ DT 7.9 - ANIMAL FOOD AND FEED,Demais países da Ásia/ Other Asia countries,UAE.S 2055-1/2015
DT 7.9 - ALIMENTOS PARA ANIMAIS E RAÇÃO ANIMAL/ DT 7.9 - ANIMAL FOOD AND FEED,Demais países da Oceania/ Other Oceania countries,UAE.S 2055-1/2015
DT 7.10 - MATERIAIS DE EMBALAGEM E INVÓLUCROS / DT 7.10 - PACKAGING MATERIALS AND WRAPPERS,Mercado Interno / Internal Market,"Deixar só a DT 
DT 7.10 - MATERIAIS DE EMBALAGEM E INVÓLUCROS / DT 7.10 - PACKAGING MATERIALS AND WRAPPERS"
DT 7.10 - MATERIAIS DE EMBALAGEM E INVÓLUCROS / DT 7.10 - PACKAGING MATERIALS AND WRAPPERS,Arábia Saudita / Saudi Arabia,"GSO 2055-1/2015, GSO 2652/2021"
DT 7.10 - MATERIAIS DE EMBALAGEM E INVÓLUCROS / DT 7.10 - PACKAGING MATERIALS AND WRAPPERS,Emirados Árabes / United Arab Emirates,UAE.S 2055-1/2015
DT 7.10 - MATERIAIS DE EMBALAGEM E INVÓLUCROS / DT 7.10 - PACKAGING MATERIALS AND WRAPPERS,"Demais países do Golfo: Bahrein, Omã, Qatar, Kwuait e Iemên / Gulf countries: Bahrain, Oman, Qatar, Kuwait and Yemen","GSO 2055-1/2015, GSO 2652/2021"
DT 7.10 - MATERIAIS DE EMBALAGEM E INVÓLUCROS / DT 7.10 - PACKAGING MATERIALS AND WRAPPERS,Malásia / Malaysia,"MS 1500/2009, MS 1500/2019; MS 2565/2014"
DT 7.10 - MATERIAIS DE EMBALAGEM E INVÓLUCROS / DT 7.10 - PACKAGING MATERIALS AND WRAPPERS,Turquia / Türkiye,OIC/SMIIC 01/2019
DT 7.10 - MATERIAIS DE EMBALAGEM E INVÓLUCROS / DT 7.10 - PACKAGING MATERIALS AND WRAPPERS,Singapura / Singapore,MUIS-HC-S001/2005
DT 7.10 - MATERIAIS DE EMBALAGEM E INVÓLUCROS / DT 7.10 - PACKAGING MATERIALS AND WRAPPERS,Demais países das Américas/ Other Americas countries,UAE.S 2055-1/2015
DT 7.10 - MATERIAIS DE EMBALAGEM E INVÓLUCROS / DT 7.10 - PACKAGING MATERIALS AND WRAPPERS,Demais países da Europa/ Other European countries,UAE.S 2055-1/2015
DT 7.10 - MATERIAIS DE EMBALAGEM E INVÓLUCROS / DT 7.10 - PACKAGING MATERIALS AND WRAPPERS,Demais países da África/ Other Africa countries,UAE.S 2055-1/2015
DT 7.10 - MATERIAIS DE EMBALAGEM E INVÓLUCROS / DT 7.10 - PACKAGING MATERIALS AND WRAPPERS,Demais países da Ásia/ Other Asia countries,UAE.S 2055-1/2015
DT 7.10 - MATERIAIS DE EMBALAGEM E INVÓLUCROS / DT 7.10 - PACKAGING MATERIALS AND WRAPPERS,Demais países da Oceania/ Other Oceania countries,UAE.S 2055-1/2015
"DT 7.11 - SERVIÇOS DE ALIMENTAÇÃO E TURISMO (HOTEIS, RESTAURANTES, TRANSPORTE E LAZER) / DT 7.11 - FOOD AND TOURISM SERVICES (HOTELS, RESTAURANTS, TRANSPORTATION AND LEISURE)",Mercado Interno / Internal Market,"Deixar só a DT
DT 7.11 - SERVIÇOS DE ALIMENTAÇÃO E TURISMO (HOTEIS, RESTAURANTES, TRANSPORTE E LAZER) / DT 7.11 - FOOD AND TOURISM SERVICES (HOTELS, RESTAURANTS, TRANSPORTATION AND LEISURE)"
"DT 7.11 - SERVIÇOS DE ALIMENTAÇÃO E TURISMO (HOTEIS, RESTAURANTES, TRANSPORTE E LAZER) / DT 7.11 - FOOD AND TOURISM SERVICES (HOTELS, RESTAURANTS, TRANSPORTATION AND LEISURE)",Arábia Saudita / Saudi Arabia,GSO 2055-1/2015
"DT 7.11 - SERVIÇOS DE ALIMENTAÇÃO E TURISMO (HOTEIS, RESTAURANTES, TRANSPORTE E LAZER) / DT 7.11 - FOOD AND TOURISM SERVICES (HOTELS, RESTAURANTS, TRANSPORTATION AND LEISURE)",Emirados Árabes / United Arab Emirates,UAE.S 2055-1/2015
"DT 7.11 - SERVIÇOS DE ALIMENTAÇÃO E TURISMO (HOTEIS, RESTAURANTES, TRANSPORTE E LAZER) / DT 7.11 - FOOD AND TOURISM SERVICES (HOTELS, RESTAURANTS, TRANSPORTATION AND LEISURE)","Demais países do Golfo: Bahrein, Omã, Qatar, Kwuait e Iemên / Gulf countries: Bahrain, Oman, Qatar, Kuwait and Yemen",GSO 2055-1/2015
"DT 7.11 - SERVIÇOS DE ALIMENTAÇÃO E TURISMO (HOTEIS, RESTAURANTES, TRANSPORTE E LAZER) / DT 7.11 - FOOD AND TOURISM SERVICES (HOTELS, RESTAURANTS, TRANSPORTATION AND LEISURE)",Malásia / Malaysia,"MS 1500/2009, MS 1500/2019"
"DT 7.11 - SERVIÇOS DE ALIMENTAÇÃO E TURISMO (HOTEIS, RESTAURANTES, TRANSPORTE E LAZER) / DT 7.11 - FOOD AND TOURISM SERVICES (HOTELS, RESTAURANTS, TRANSPORTATION AND LEISURE)",Turquia / Türkiye,"OIC/SMIIC 01/2019, OIC/SMIIC 09/2019"
"DT 7.11 - SERVIÇOS DE ALIMENTAÇÃO E TURISMO (HOTEIS, RESTAURANTES, TRANSPORTE E LAZER) / DT 7.11 - FOOD AND TOURISM SERVICES (HOTELS, RESTAURANTS, TRANSPORTATION AND LEISURE)",Singapura / Singapore,MUIS-HC-S001/2005
"DT 7.11 - SERVIÇOS DE ALIMENTAÇÃO E TURISMO (HOTEIS, RESTAURANTES, TRANSPORTE E LAZER) / DT 7.11 - FOOD AND TOURISM SERVICES (HOTELS, RESTAURANTS, TRANSPORTATION AND LEISURE)",Demais países das Américas/ Other Americas countries,GSO 2055-1/2015
"DT 7.11 - SERVIÇOS DE ALIMENTAÇÃO E TURISMO (HOTEIS, RESTAURANTES, TRANSPORTE E LAZER) / DT 7.11 - FOOD AND TOURISM SERVICES (HOTELS, RESTAURANTS, TRANSPORTATION AND LEISURE)",Demais países da Europa/ Other European countries,GSO 2055-1/2015
"DT 7.11 - SERVIÇOS DE ALIMENTAÇÃO E TURISMO (HOTEIS, RESTAURANTES, TRANSPORTE E LAZER) / DT 7.11 - FOOD AND TOURISM SERVICES (HOTELS, RESTAURANTS, TRANSPORTATION AND LEISURE)",Demais países da África/ Other Africa countries,GSO 2055-1/2015
"DT 7.11 - SERVIÇOS DE ALIMENTAÇÃO E TURISMO (HOTEIS, RESTAURANTES, TRANSPORTE E LAZER) / DT 7.11 - FOOD AND TOURISM SERVICES (HOTELS, RESTAURANTS, TRANSPORTATION AND LEISURE)",Demais países da Ásia/ Other Asia countries,GSO 2055-1/2015
"DT 7.11 - SERVIÇOS DE ALIMENTAÇÃO E TURISMO (HOTEIS, RESTAURANTES, TRANSPORTE E LAZER) / DT 7.11 - FOOD AND TOURISM SERVICES (HOTELS, RESTAURANTS, TRANSPORTATION AND LEISURE)",Demais países da Oceania/ Other Oceania countries,GSO 2055-1/2015
